,Mean,Mean Std,Std. Dev.,Std. Std.,1st perc,1st perc Std,99th perc,99th perc Std,IQR,IQR std,skew,skew std,kurt,kurt std
0,-0.00013754925877231946,[0.00190234],[0.01455719],[0.0036146],[-0.04024717],[0.01562174],[0.03863373],[0.01840818],[0.01087835],[0.00225553],-0.19552783815711006,1.525606998923924,6.58068727074087,4.764108044718947
