,Mean,Std. Dev.,1st perc,99th perc,IQR,skew,kurt
0,[0.00057197],[0.00707787],[-0.0194492],[0.01499554],[0.00684339],-0.5510254021394702,2.0378087980168846
