,Mean,Std. Dev.,1st perc,99th perc,IQR,skew,kurt
0,[0.0001044],[0.00923961],[-0.02991029],[0.01630359],[0.01098686],-1.057186027161301,2.3829557776569326
