,Mean,Std. Dev.,1st perc,99th perc,IQR,skew,kurt
0,[-0.00029544],[0.01055252],[-0.03311185],[0.02186078],[0.00945282],-0.5020671095588778,3.2360209348487787
