,Mean,Std. Dev.,1st perc,99th perc,IQR,skew,kurt
0,[0.00027473],[0.0092399],[-0.02991029],[0.01630359],[0.00954927],-1.1057727333912073,2.4620699721866366
