,Mean,Std. Dev.,1st perc,99th perc,IQR,skew,kurt
0,[-0.00028023],[0.01054829],[-0.03311185],[0.02186078],[0.00921407],-0.50661322909701,3.2487508762392707
